Type,Start,Direction,Y
Yellow,100,1,470
Yellow,101,1,233
Yellow,103,1,769
Yellow,103,1,201
Yellow,111,1,403
Yellow,111,1,707
Yellow,113,1,776
Yellow,113,1,387
Yellow,115,1,303
Yellow,117,1,502
Yellow,117,1,765
Yellow,119,1,506
Yellow,119,1,558
Yellow,120,1,429
Yellow,121,1,326
Yellow,125,1,756
Yellow,125,1,538
Yellow,125,1,624
Yellow,135,1,352
Yellow,139,1,219
Yellow,140,1,328
Yellow,140,1,594
Yellow,143,1,710
Yellow,144,1,513
Yellow,145,1,243
Yellow,148,1,371
Yellow,152,1,240
Yellow,153,1,224
Yellow,155,1,722
Yellow,156,1,459
Yellow,156,1,531
Yellow,156,1,442
Yellow,157,1,588
Yellow,158,1,597
Yellow,160,1,412
Yellow,162,1,463
Yellow,166,1,575
Yellow,168,1,297
Yellow,169,1,749
Yellow,170,1,600
Yellow,170,1,548
Yellow,170,1,740
Yellow,174,1,342
Yellow,175,1,222
Yellow,176,1,317
Yellow,183,1,594
Yellow,187,1,422
Yellow,187,1,487
Yellow,188,1,300
Yellow,189,1,316
Yellow,190,1,477
Yellow,193,1,531
Yellow,196,1,223
Yellow,197,1,545
Yellow,197,1,767
Yellow,199,1,593
Yellow,201,1,501
Yellow,203,1,633
Yellow,204,1,340
Yellow,204,1,346
Yellow,206,1,385
Yellow,209,1,209
Yellow,210,1,447
Yellow,211,1,685
Yellow,211,1,744
Yellow,215,1,781
Yellow,216,1,373
Yellow,218,1,660
Yellow,219,1,428
Yellow,219,1,745
Yellow,220,1,466
Yellow,221,1,393
Yellow,223,1,756
Yellow,225,1,511
Yellow,225,1,389
Yellow,229,1,290
Yellow,230,1,662
Yellow,231,1,490
Yellow,233,1,236
Yellow,233,1,706
Yellow,235,1,701
Yellow,236,1,718
Yellow,236,1,654
Yellow,237,1,338
Yellow,239,1,502
Yellow,239,1,562
Yellow,239,1,591
Yellow,241,1,418
Yellow,242,1,337
Yellow,244,1,523
Yellow,246,1,470
Yellow,247,1,483
Yellow,249,1,618
Yellow,250,1,630
Yellow,255,1,464
Yellow,258,1,239
Yellow,260,1,471
Yellow,266,1,476
Yellow,267,1,588
Yellow,271,1,732
Yellow,271,1,495
Yellow,272,1,326
Yellow,277,1,209
Yellow,277,1,272
Yellow,283,1,498
Yellow,283,1,328
Yellow,291,1,686
Yellow,293,1,666
Yellow,297,1,374
Yellow,297,1,632
Yellow,298,1,624
Yellow,298,1,468
Yellow,298,1,526
Yellow,298,1,310
Yellow,300,1,699
Yellow,300,1,220
Yellow,301,1,607
Yellow,305,1,277
Yellow,306,1,778
Yellow,313,1,226
Yellow,317,1,227
Yellow,319,1,389
Yellow,324,1,352
Yellow,325,1,574
Yellow,325,1,632
Yellow,326,1,491
Yellow,327,1,291
Yellow,330,1,622
Yellow,334,1,745
Yellow,337,1,644
Yellow,342,1,265
Yellow,343,1,699
Yellow,345,1,744
Yellow,346,1,694
Yellow,347,1,719
Yellow,348,1,262
Yellow,353,1,371
Yellow,354,1,622
Yellow,356,1,396
Yellow,360,1,277
Yellow,360,1,386
Yellow,361,1,259
Yellow,363,1,742
Yellow,364,1,516
Yellow,365,1,434
Yellow,369,1,258
Yellow,370,1,669
Yellow,372,1,759
Yellow,373,1,566
Yellow,373,1,480
Yellow,377,1,325
Yellow,378,1,721
Yellow,378,1,522
Yellow,383,1,442
Yellow,386,1,737
Yellow,388,1,691
Yellow,390,1,207
Yellow,392,1,447
Yellow,394,1,635
Yellow,394,1,328
Yellow,395,1,505
Yellow,397,1,690
Yellow,397,1,704
Yellow,400,1,373
Yellow,402,1,355
Yellow,404,1,418
Yellow,405,1,578
Yellow,407,1,464
Yellow,408,1,788
Yellow,409,1,640
Yellow,410,1,568
Yellow,411,1,581
Yellow,411,1,478
Yellow,415,1,759
Yellow,415,1,579
Yellow,416,1,476
Yellow,416,1,764
Yellow,418,1,276
Yellow,422,1,204
Yellow,423,1,293
Yellow,425,1,205
Yellow,429,1,477
Yellow,429,1,222
Yellow,430,1,282
Yellow,430,1,311
Yellow,431,1,711
Yellow,435,1,220
Yellow,437,1,793
Yellow,438,1,424
Yellow,445,1,437
Yellow,447,1,361
Yellow,448,1,402
Yellow,453,1,622
Yellow,455,1,691
Yellow,457,1,240
Yellow,459,1,452
Yellow,460,1,471
Yellow,460,1,252
Yellow,462,1,705
Yellow,462,1,511
Yellow,462,1,583
Yellow,467,1,556
Yellow,478,1,250
Yellow,480,1,432
Yellow,486,1,327
Yellow,492,1,739
Yellow,493,1,506
Yellow,496,1,782
Blue,500,-1,50
Blue,500,-1,50
Blue,500,-1,50
Blue,500,-1,50
Blue,500,-1,50
Blue,500,-1,50
Blue,500,-1,50
Blue,500,-1,50
Yellow,500,1,254
Yellow,500,1,457
Yellow,507,1,213
Yellow,507,1,264
Yellow,507,1,339
Yellow,508,1,491
Yellow,508,1,731
Yellow,508,1,716
Yellow,508,1,444
Yellow,509,1,324
Yellow,510,1,275
Yellow,511,1,619
Yellow,515,1,736
Yellow,515,1,215
Yellow,518,1,365
Yellow,519,1,202
Yellow,519,1,467
Yellow,520,1,205
Yellow,522,1,735
Yellow,523,1,280
Yellow,524,1,210
Yellow,525,1,451
Yellow,526,1,575
Yellow,529,1,435
Yellow,529,1,653
Yellow,531,1,796
Yellow,531,1,581
Yellow,535,1,595
Yellow,535,1,218
Yellow,542,1,512
Yellow,543,1,287
Yellow,544,1,463
Yellow,549,1,567
Blue,550,-1,100
Blue,550,-1,100
Blue,550,-1,100
Blue,550,-1,100
Blue,550,-1,100
Blue,550,-1,100
Blue,550,-1,100
Blue,550,-1,100
Yellow,551,1,370
Yellow,552,1,411
Yellow,553,1,242
Yellow,555,1,496
Yellow,556,1,525
Yellow,556,1,733
Yellow,557,1,357
Yellow,557,1,322
Yellow,558,1,559
Yellow,560,1,364
Yellow,561,1,249
Yellow,565,1,238
Yellow,567,1,689
Yellow,569,1,377
Yellow,569,1,798
Yellow,572,1,247
Yellow,573,1,465
Yellow,579,1,358
Yellow,582,1,322
Yellow,584,1,257
Yellow,585,1,374
Yellow,586,1,633
Yellow,588,1,227
Yellow,589,1,653
Yellow,590,1,309
Yellow,593,1,619
Yellow,595,1,519
Yellow,599,1,286
Blue,600,-1,150
Blue,600,-1,150
Blue,600,-1,150
Blue,600,-1,150
Blue,600,-1,150
Blue,600,-1,150
Blue,600,-1,150
Blue,600,-1,150
Yellow,603,1,681
Yellow,605,1,251
Yellow,610,1,784
Yellow,610,1,446
Yellow,611,1,414
Yellow,613,1,520
Yellow,614,1,363
Yellow,616,1,624
Yellow,617,1,543
Yellow,620,1,528
Yellow,620,1,467
Yellow,624,1,319
Yellow,625,1,627
Yellow,625,1,414
Yellow,626,1,540
Yellow,626,1,231
Yellow,627,1,498
Yellow,631,1,400
Yellow,635,1,676
Yellow,637,1,311
Yellow,640,1,593
Yellow,642,1,691
Yellow,642,1,244
Yellow,644,1,537
Yellow,644,1,401
Yellow,644,1,417
Yellow,646,1,437
Yellow,648,1,262
Yellow,648,1,491
Yellow,652,1,522
Yellow,654,1,685
Yellow,658,1,720
Yellow,660,1,586
Yellow,660,1,340
Yellow,660,1,590
Yellow,663,1,373
Yellow,665,1,396
Yellow,668,1,641
Yellow,669,1,635
Yellow,669,1,578
Yellow,670,1,658
Yellow,671,1,781
Yellow,672,1,456
Yellow,673,1,674
Yellow,674,1,551
Yellow,675,1,502
Yellow,676,1,654
Yellow,677,1,515
Yellow,681,1,385
Yellow,682,1,231
Yellow,683,1,632
Yellow,683,1,768
Yellow,685,1,309
Yellow,685,1,301
Yellow,686,1,701
Yellow,691,1,757
Yellow,691,1,304
Yellow,693,1,783
Yellow,695,1,359
Yellow,696,1,244
Yellow,697,1,764
Yellow,699,1,324
Yellow,699,1,545
Yellow,701,1,515
Yellow,702,1,650
Yellow,702,1,423
Yellow,707,1,616
Yellow,713,1,682
Yellow,716,1,625
Yellow,717,1,602
Yellow,717,1,408
Yellow,719,1,343
Yellow,724,1,449
Yellow,726,1,259
Yellow,727,1,623
Yellow,727,1,557
Yellow,731,1,645
Yellow,735,1,776
Yellow,736,1,781
Yellow,740,1,678
Yellow,742,1,325
Yellow,743,1,521
Yellow,744,1,534
Yellow,744,1,676
Yellow,746,1,573
Yellow,748,1,502
Yellow,748,1,592
Yellow,750,1,441
Yellow,750,1,745
Yellow,750,1,225
Yellow,751,1,276
Yellow,753,1,594
Yellow,757,1,550
Yellow,757,1,370
Yellow,758,1,539
Yellow,761,1,267
Yellow,762,1,652
Yellow,762,1,211
Yellow,767,1,390
Yellow,767,1,420
Yellow,768,1,443
Yellow,770,1,310
Yellow,770,1,753
Yellow,772,1,472
Yellow,773,1,742
Yellow,774,1,480
Yellow,785,1,463
Yellow,785,1,489
Yellow,786,1,513
Yellow,787,1,747
Yellow,788,1,354
Yellow,790,1,368
Yellow,792,1,504
Yellow,793,1,626
Yellow,796,1,595
Yellow,797,1,582
Yellow,799,1,210
Yellow,799,1,515
Yellow,800,1,585
Yellow,801,1,548
Yellow,802,1,608
Yellow,802,1,777
Yellow,803,1,636
Yellow,805,1,413
Yellow,807,1,301
Yellow,811,1,765
Yellow,812,1,411
Yellow,813,1,247
Yellow,814,1,250
Yellow,817,1,774
Yellow,818,1,277
Yellow,820,1,348
Yellow,820,1,647
Yellow,825,1,739
Yellow,828,1,453
Yellow,829,1,754
Yellow,833,1,706
Yellow,834,1,462
Yellow,838,1,649
Yellow,839,1,628
Yellow,841,1,314
Yellow,842,1,272
Yellow,845,1,242
Yellow,846,1,248
Yellow,855,1,673
Yellow,858,1,673
Yellow,860,1,320
Yellow,861,1,614
Yellow,863,1,461
Yellow,866,1,727
Yellow,866,1,625
Yellow,866,1,290
Yellow,867,1,450
Yellow,868,1,409
Yellow,869,1,763
Yellow,870,1,614
Yellow,870,1,690
Yellow,872,1,238
Yellow,874,1,778
Yellow,878,1,440
Yellow,880,1,597
Yellow,882,1,632
Yellow,883,1,792
Yellow,885,1,406
Yellow,885,1,276
Yellow,885,1,602
Yellow,892,1,433
Yellow,893,1,740
Yellow,896,1,465
Yellow,897,1,566
Blue,900,-1,400
Blue,900,-1,400
Blue,900,-1,400
Blue,900,-1,400
Blue,900,-1,400
Blue,900,-1,400
Blue,900,-1,400
Blue,900,-1,400
Yellow,900,1,537
Yellow,901,1,702
Yellow,902,1,585
Yellow,905,1,486
Yellow,907,1,782
Yellow,907,1,510
Yellow,907,1,658
Yellow,909,1,796
Yellow,912,1,392
Yellow,913,1,213
Yellow,913,1,208
Yellow,915,1,696
Yellow,915,1,722
Yellow,917,1,290
Yellow,917,1,452
Yellow,917,1,490
Yellow,919,1,649
Yellow,921,1,538
Yellow,924,1,537
Yellow,926,1,629
Yellow,928,1,679
Yellow,929,1,488
Yellow,931,1,479
Yellow,931,1,511
Yellow,933,1,284
Yellow,937,1,536
Yellow,940,1,782
Yellow,940,1,542
Yellow,944,1,686
Blue,950,-1,450
Blue,950,-1,450
Blue,950,-1,450
Blue,950,-1,450
Blue,950,-1,450
Blue,950,-1,450
Blue,950,-1,450
Blue,950,-1,450
Yellow,951,1,774
Yellow,952,1,581
Yellow,956,1,315
Yellow,956,1,673
Yellow,961,1,414
Yellow,962,1,615
Yellow,965,1,558
Yellow,965,1,674
Yellow,968,1,452
Yellow,969,1,369
Yellow,971,1,601
Yellow,971,1,633
Yellow,971,1,446
Yellow,972,1,528
Yellow,974,1,420
Yellow,975,1,664
Yellow,977,1,272
Yellow,978,1,654
Yellow,980,1,797
Yellow,980,1,409
Yellow,981,1,353
Yellow,982,1,224
Yellow,982,1,470
Yellow,985,1,604
Yellow,994,1,316
Yellow,994,1,445
Yellow,995,1,682
Yellow,997,1,360
Yellow,999,1,582
Blue,1000,-1,500
Red,1000,1,450
Blue,1000,-1,500
Red,1000,1,450
Blue,1000,-1,500
Red,1000,1,450
Blue,1000,-1,500
Red,1000,1,450
Blue,1000,-1,500
Red,1000,1,450
Blue,1000,-1,500
Red,1000,1,450
Blue,1000,-1,500
Red,1000,1,450
Blue,1000,-1,500
Red,1000,1,450
Yellow,1000,1,741
Yellow,1002,1,335
Yellow,1002,1,346
Yellow,1005,1,723
Yellow,1007,1,496
Yellow,1010,1,276
Yellow,1014,1,293
Yellow,1015,1,418
Yellow,1018,1,765
Yellow,1021,1,646
Yellow,1022,1,679
Yellow,1023,1,669
Yellow,1025,1,421
Yellow,1026,1,430
Yellow,1034,1,616
Yellow,1035,1,308
Yellow,1036,1,492
Yellow,1037,1,288
Yellow,1038,1,406
Yellow,1039,1,763
Yellow,1040,1,402
Yellow,1041,1,438
Yellow,1043,1,438
Yellow,1046,1,568
Yellow,1046,1,755
Yellow,1049,1,283
Red,1050,1,500
Red,1050,1,500
Red,1050,1,500
Red,1050,1,500
Red,1050,1,500
Red,1050,1,500
Red,1050,1,500
Red,1050,1,500
Yellow,1050,1,532
Yellow,1052,1,345
Yellow,1054,1,361
Yellow,1055,1,652
Yellow,1057,1,336
Yellow,1058,1,501
Yellow,1059,1,704
Yellow,1060,1,663
Yellow,1061,1,373
Yellow,1064,1,661
Yellow,1066,1,706
Yellow,1067,1,573
Yellow,1071,1,637
Yellow,1074,1,539
Yellow,1079,1,771
Yellow,1084,1,677
Yellow,1085,1,686
Yellow,1085,1,756
Yellow,1086,1,628
Yellow,1087,1,253
Yellow,1089,1,275
Yellow,1091,1,440
Yellow,1091,1,533
Yellow,1091,1,780
Yellow,1092,1,767
Yellow,1094,1,449
Yellow,1096,1,516
Yellow,1098,1,541
Red,1100,1,600
Red,1100,1,600
Red,1100,1,600
Red,1100,1,600
Red,1100,1,600
Red,1100,1,600
Red,1100,1,600
Red,1100,1,600
Yellow,1104,1,255
Yellow,1105,1,280
Yellow,1108,1,447
Yellow,1111,1,608
Yellow,1116,1,719
Yellow,1117,1,229
Yellow,1119,1,415
Yellow,1120,1,698
Yellow,1120,1,648
Yellow,1121,1,507
Yellow,1122,1,719
Yellow,1123,1,396
Yellow,1126,1,662
Yellow,1127,1,668
Yellow,1127,1,708
Yellow,1131,1,385
Yellow,1132,1,638
Yellow,1134,1,760
Yellow,1134,1,495
Yellow,1136,1,635
Yellow,1136,1,730
Yellow,1137,1,358
Yellow,1138,1,460
Yellow,1138,1,215
Yellow,1141,1,580
Yellow,1143,1,713
Yellow,1146,1,636
Red,1150,1,650
Red,1150,1,650
Red,1150,1,650
Red,1150,1,650
Red,1150,1,650
Red,1150,1,650
Red,1150,1,650
Red,1150,1,650
Yellow,1150,1,535
Yellow,1152,1,701
Yellow,1153,1,286
Yellow,1154,1,477
Yellow,1155,1,453
Yellow,1156,1,609
Yellow,1156,1,231
Yellow,1157,1,634
Yellow,1158,1,665
Yellow,1158,1,335
Yellow,1159,1,446
Yellow,1160,1,388
Yellow,1161,1,324
Yellow,1161,1,674
Yellow,1163,1,522
Yellow,1166,1,685
Yellow,1167,1,556
Yellow,1168,1,704
Yellow,1170,1,398
Yellow,1172,1,569
Yellow,1173,1,454
Yellow,1173,1,423
Yellow,1178,1,737
Yellow,1182,1,748
Yellow,1183,1,402
Yellow,1196,1,274
Yellow,1196,1,389
Yellow,1197,1,355
Yellow,1198,1,400
Yellow,1198,1,474
Yellow,1202,1,373
Yellow,1203,1,677
Yellow,1203,1,638
Yellow,1209,1,607
Yellow,1210,1,318
Yellow,1213,1,450
Yellow,1214,1,737
Yellow,1219,1,397
Yellow,1219,1,571
Yellow,1219,1,580
Yellow,1220,1,640
Yellow,1226,1,375
Yellow,1229,1,797
Yellow,1230,1,657
Yellow,1231,1,441
Yellow,1234,1,588
Yellow,1235,1,553
Yellow,1237,1,592
Yellow,1238,1,572
Yellow,1238,1,232
Yellow,1241,1,726
Yellow,1242,1,361
Yellow,1245,1,468
Yellow,1246,1,619
Yellow,1248,1,764
Yellow,1256,1,231
Yellow,1258,1,266
Yellow,1259,1,533
Yellow,1261,1,771
Yellow,1262,1,308
Yellow,1262,1,793
Yellow,1263,1,417
Yellow,1266,1,426
Yellow,1267,1,720
Yellow,1268,1,732
Yellow,1268,1,270
Yellow,1269,1,605
Yellow,1272,1,203
Yellow,1275,1,580
Yellow,1275,1,459
Yellow,1275,1,546
Yellow,1276,1,543
Yellow,1276,1,585
Yellow,1277,1,217
Yellow,1278,1,236
Yellow,1278,1,747
Yellow,1280,1,624
Yellow,1283,1,230
Yellow,1284,1,685
Yellow,1289,1,401
Yellow,1289,1,576
Yellow,1293,1,430
Yellow,1294,1,237
Yellow,1295,1,538
Yellow,1295,1,337
Yellow,1296,1,640
Yellow,1298,1,392
Yellow,1301,1,263
Yellow,1303,1,761
Yellow,1310,1,217
Yellow,1314,1,791
Yellow,1314,1,734
Yellow,1319,1,300
Yellow,1319,1,386
Yellow,1320,1,616
Yellow,1322,1,578
Yellow,1323,1,518
Yellow,1325,1,462
Yellow,1328,1,655
Yellow,1329,1,202
Yellow,1335,1,429
Yellow,1335,1,598
Yellow,1339,1,344
Yellow,1343,1,784
Yellow,1347,1,684
Yellow,1348,1,332
Yellow,1350,1,244
Yellow,1351,1,663
Yellow,1352,1,595
Yellow,1352,1,791
Yellow,1360,1,791
Yellow,1360,1,725
Yellow,1361,1,421
Yellow,1362,1,672
Yellow,1365,1,739
Yellow,1365,1,495
Yellow,1366,1,588
Yellow,1368,1,709
Yellow,1372,1,692
Yellow,1373,1,755
Yellow,1373,1,546
Yellow,1377,1,465
Yellow,1378,1,736
Yellow,1380,1,690
Yellow,1381,1,746
Yellow,1382,1,457
Yellow,1382,1,341
Yellow,1383,1,375
Yellow,1386,1,484
Yellow,1387,1,240
Yellow,1398,1,572
Yellow,1398,1,463
Yellow,1403,1,758
Yellow,1405,1,536
Yellow,1406,1,249
Yellow,1407,1,612
Yellow,1408,1,402
Yellow,1408,1,586
Yellow,1410,1,569
Yellow,1411,1,428
Yellow,1413,1,440
Yellow,1413,1,227
Yellow,1414,1,785
Yellow,1415,1,459
Yellow,1418,1,290
Yellow,1420,1,723
Yellow,1427,1,214
Yellow,1428,1,423
Yellow,1428,1,786
Yellow,1432,1,583
Yellow,1432,1,618
Yellow,1433,1,693
Yellow,1434,1,453
Yellow,1436,1,348
Yellow,1436,1,493
Yellow,1437,1,476
Yellow,1438,1,603
Yellow,1438,1,756
Yellow,1441,1,446
Yellow,1441,1,259
Yellow,1441,1,599
Yellow,1445,1,775
Yellow,1446,1,256
Yellow,1448,1,646
Yellow,1448,1,245
Yellow,1449,1,488
Yellow,1450,1,264
Yellow,1451,1,619
Yellow,1451,1,439
Yellow,1451,1,331
Yellow,1454,1,250
Yellow,1456,1,228
Yellow,1460,1,223
Yellow,1460,1,268
Yellow,1461,1,306
Yellow,1461,1,360
Yellow,1462,1,202
Yellow,1463,1,248
Yellow,1464,1,365
Yellow,1464,1,265
Yellow,1467,1,463
Yellow,1468,1,619
Yellow,1468,1,399
Yellow,1470,1,436
Yellow,1473,1,548
Yellow,1474,1,609
Yellow,1477,1,350
Yellow,1477,1,276
Yellow,1477,1,452
Yellow,1478,1,655
Yellow,1486,1,255
Yellow,1489,1,739
Yellow,1489,1,492
Yellow,1491,1,401
Yellow,1493,1,698
Yellow,1496,1,576
Yellow,1497,1,468
Yellow,1498,1,242
Yellow,1499,1,491
Yellow,1499,1,476
Yellow,1501,1,605
Yellow,1508,1,627
Yellow,1509,1,749
Yellow,1510,1,753
Yellow,1510,1,621
Yellow,1513,1,572
Yellow,1517,1,296
Yellow,1517,1,648
Yellow,1517,1,367
Yellow,1517,1,461
Yellow,1524,1,302
Yellow,1527,1,274
Yellow,1529,1,474
Yellow,1531,1,304
Yellow,1534,1,260
Yellow,1535,1,245
Yellow,1536,1,209
Yellow,1540,1,769
Yellow,1540,1,361
Yellow,1544,1,576
Yellow,1545,1,375
Yellow,1549,1,357
Yellow,1550,1,421
Yellow,1550,1,657
Yellow,1560,1,481
Yellow,1562,1,329
Yellow,1566,1,241
Yellow,1567,1,765
Yellow,1570,1,368
Yellow,1572,1,334
Yellow,1572,1,265
Yellow,1572,1,291
Yellow,1572,1,240
Yellow,1573,1,212
Yellow,1576,1,344
Yellow,1576,1,262
Yellow,1577,1,205
Yellow,1584,1,372
Yellow,1584,1,703
Yellow,1587,1,296
Yellow,1587,1,289
Yellow,1588,1,266
Yellow,1590,1,351
Yellow,1597,1,459
Yellow,1598,1,531
Yellow,1600,1,737
Yellow,1602,1,277
Yellow,1602,1,447
Yellow,1603,1,549
Yellow,1605,1,433
Yellow,1606,1,704
Yellow,1606,1,310
Yellow,1607,1,563
Yellow,1607,1,689
Yellow,1607,1,366
Yellow,1609,1,659
Yellow,1612,1,268
Yellow,1612,1,775
Yellow,1614,1,205
Yellow,1616,1,452
Yellow,1621,1,342
Yellow,1623,1,334
Yellow,1624,1,235
Yellow,1624,1,459
Yellow,1625,1,246
Yellow,1627,1,244
Yellow,1628,1,519
Yellow,1629,1,533
Yellow,1633,1,372
Yellow,1637,1,621
Yellow,1637,1,491
Yellow,1639,1,633
Yellow,1640,1,644
Yellow,1642,1,454
Yellow,1642,1,780
Yellow,1643,1,260
Yellow,1643,1,232
Yellow,1646,1,640
Yellow,1648,1,429
Yellow,1650,1,450
Yellow,1651,1,715
Yellow,1655,1,385
Yellow,1657,1,705
Yellow,1672,1,381
Yellow,1672,1,798
Yellow,1674,1,320
Yellow,1675,1,303
Yellow,1676,1,633
Yellow,1679,1,418
Yellow,1685,1,272
Yellow,1686,1,536
Yellow,1689,1,508
Yellow,1689,1,592
Yellow,1691,1,376
Yellow,1692,1,709
Yellow,1694,1,526
Yellow,1696,1,634
Yellow,1697,1,416
Yellow,1699,1,346
Yellow,1699,1,569
Yellow,1703,1,604
Yellow,1703,1,654
Yellow,1703,1,530
Yellow,1703,1,486
Yellow,1711,1,666
Yellow,1711,1,556
Yellow,1711,1,330
Yellow,1713,1,730
Yellow,1720,1,668
Yellow,1725,1,496
Yellow,1727,1,221
Yellow,1729,1,575
Yellow,1729,1,368
Yellow,1730,1,449
Yellow,1730,1,334
Yellow,1734,1,723
Yellow,1737,1,680
Yellow,1737,1,218
Yellow,1739,1,794
Yellow,1741,1,459
Yellow,1742,1,507
Yellow,1744,1,367
Yellow,1744,1,328
Yellow,1745,1,224
Yellow,1747,1,466
Yellow,1750,1,769
Yellow,1751,1,703
Yellow,1751,1,276
Yellow,1751,1,550
Yellow,1751,1,310
Yellow,1758,1,581
Yellow,1765,1,767
Yellow,1766,1,503
Yellow,1768,1,205
Yellow,1771,1,472
Yellow,1772,1,247
Yellow,1774,1,381
Yellow,1776,1,787
Yellow,1779,1,523
Yellow,1781,1,523
Yellow,1781,1,245
Yellow,1782,1,736
Yellow,1783,1,494
Yellow,1786,1,673
Yellow,1790,1,219
Yellow,1791,1,747
Yellow,1792,1,455
Yellow,1794,1,238
Yellow,1798,1,242
Yellow,1803,1,394
Yellow,1804,1,369
Yellow,1805,1,269
Yellow,1806,1,293
Yellow,1808,1,579
Yellow,1813,1,355
Yellow,1814,1,735
Yellow,1816,1,530
Yellow,1817,1,237
Yellow,1818,1,591
Yellow,1820,1,765
Yellow,1823,1,400
Yellow,1827,1,726
Yellow,1829,1,493
Yellow,1829,1,591
Yellow,1831,1,690
Yellow,1832,1,390
Yellow,1833,1,426
Yellow,1834,1,332
Yellow,1835,1,319
Yellow,1839,1,209
Yellow,1840,1,759
Yellow,1840,1,608
Yellow,1840,1,434
Yellow,1841,1,510
Yellow,1842,1,272
Yellow,1842,1,689
Yellow,1844,1,474
Yellow,1848,1,571
Yellow,1851,1,529
Yellow,1852,1,468
Yellow,1853,1,437
Yellow,1858,1,612
Yellow,1862,1,686
Yellow,1865,1,433
Yellow,1870,1,500
Yellow,1876,1,573
Yellow,1877,1,622
Yellow,1881,1,376
Yellow,1881,1,372
Yellow,1881,1,654
Yellow,1881,1,404
Yellow,1882,1,695
Yellow,1883,1,777
Yellow,1884,1,553
Yellow,1886,1,384
Yellow,1886,1,260
Yellow,1888,1,569
Yellow,1888,1,538
Yellow,1891,1,472
Yellow,1891,1,256
Yellow,1892,1,687
Yellow,1895,1,628
Yellow,1895,1,251
Yellow,1896,1,738
Yellow,1896,1,540
Yellow,1896,1,279
Yellow,1896,1,615
Yellow,1898,1,350
Yellow,1898,1,673
Yellow,1900,1,430
Yellow,1901,1,336
Yellow,1905,1,349
Yellow,1907,1,257
Yellow,1908,1,240
Yellow,1908,1,493
Yellow,1909,1,399
Yellow,1910,1,294
Yellow,1912,1,568
Yellow,1913,1,645
Yellow,1915,1,394
Yellow,1917,1,668
Yellow,1917,1,615
Yellow,1918,1,604
Yellow,1919,1,221
Yellow,1920,1,316
Yellow,1924,1,479
Yellow,1925,1,531
Yellow,1925,1,781
Yellow,1934,1,580
Yellow,1936,1,702
Yellow,1937,1,619
Yellow,1940,1,493
Yellow,1941,1,233
Yellow,1947,1,271
Yellow,1948,1,596
Yellow,1948,1,591
Yellow,1949,1,374
Yellow,1950,1,283
Yellow,1951,1,411
Yellow,1952,1,704
Yellow,1953,1,432
Yellow,1955,1,415
Yellow,1956,1,222
Yellow,1958,1,508
Yellow,1959,1,792
Yellow,1961,1,289
Yellow,1963,1,349
Yellow,1965,1,622
Yellow,1966,1,761
Yellow,1969,1,716
Yellow,1970,1,635
Yellow,1975,1,561
Yellow,1975,1,523
Yellow,1976,1,708
Yellow,1976,1,715
Yellow,1982,1,287
Yellow,1983,1,446
Yellow,1985,1,439
Yellow,1988,1,369
Yellow,1991,1,541
Yellow,1993,1,356
Yellow,1997,1,694
Yellow,1999,1,200
Blue,2000,-1,600
Blue,2000,-1,600
Blue,2000,-1,600
Blue,2000,-1,600
Blue,2000,-1,600
Blue,2000,-1,600
Blue,2000,-1,600
Blue,2000,-1,600
Yellow,2001,1,318
Yellow,2004,1,340
Yellow,2005,1,653
Yellow,2006,1,607
Yellow,2007,1,211
Yellow,2009,1,329
Yellow,2010,1,553
Yellow,2013,1,611
Yellow,2013,1,467
Yellow,2017,1,204
Yellow,2017,1,749
Yellow,2022,1,486
Yellow,2023,1,312
Yellow,2024,1,492
Yellow,2027,1,769
Yellow,2027,1,784
Yellow,2027,1,621
Yellow,2030,1,250
Yellow,2032,1,332
Yellow,2033,1,616
Yellow,2034,1,373
Yellow,2037,1,732
Yellow,2037,1,691
Yellow,2037,1,602
Yellow,2037,1,789
Yellow,2042,1,420
Yellow,2042,1,428
Yellow,2042,1,793
Yellow,2042,1,759
Yellow,2042,1,727
Yellow,2045,1,271
Yellow,2046,1,762
Yellow,2048,1,373
Yellow,2049,1,210
Blue,2050,-1,650
Blue,2050,-1,650
Blue,2050,-1,650
Blue,2050,-1,650
Blue,2050,-1,650
Blue,2050,-1,650
Blue,2050,-1,650
Blue,2050,-1,650
Yellow,2053,1,648
Yellow,2055,1,398
Yellow,2056,1,542
Yellow,2056,1,763
Yellow,2057,1,290
Yellow,2058,1,605
Yellow,2058,1,277
Yellow,2064,1,793
Yellow,2065,1,529
Yellow,2065,1,293
Yellow,2069,1,620
Yellow,2074,1,277
Yellow,2075,1,520
Yellow,2077,1,594
Yellow,2078,1,758
Yellow,2078,1,509
Yellow,2079,1,773
Yellow,2083,1,354
Yellow,2084,1,220
Yellow,2086,1,426
Yellow,2091,1,555
Yellow,2094,1,226
Yellow,2094,1,215
Yellow,2095,1,296
Yellow,2095,1,683
Yellow,2098,1,372
Yellow,2098,1,796
Blue,2100,-1,700
Blue,2100,-1,700
Blue,2100,-1,700
Blue,2100,-1,700
Blue,2100,-1,700
Blue,2100,-1,700
Blue,2100,-1,700
Blue,2100,-1,700
Yellow,2100,1,306
Yellow,2100,1,772
Yellow,2101,1,247
Yellow,2102,1,323
Yellow,2103,1,548
Yellow,2105,1,394
Yellow,2106,1,427
Yellow,2109,1,662
Yellow,2109,1,606
Yellow,2109,1,560
Yellow,2111,1,419
Yellow,2112,1,211
Yellow,2114,1,217
Yellow,2115,1,221
Yellow,2117,1,429
Yellow,2117,1,526
Yellow,2118,1,477
Yellow,2123,1,795
Yellow,2123,1,314
Yellow,2124,1,306
Yellow,2125,1,507
Yellow,2129,1,727
Yellow,2129,1,412
Yellow,2131,1,467
Yellow,2131,1,379
Yellow,2132,1,228
Yellow,2132,1,438
Yellow,2132,1,765
Yellow,2134,1,792
Yellow,2135,1,271
Yellow,2136,1,573
Yellow,2137,1,510
Yellow,2140,1,273
Yellow,2140,1,338
Yellow,2142,1,436
Yellow,2146,1,501
Yellow,2150,1,713
Yellow,2150,1,262
Yellow,2150,1,654
Yellow,2151,1,666
Yellow,2152,1,476
Yellow,2153,1,516
Yellow,2153,1,236
Yellow,2156,1,757
Yellow,2157,1,639
Yellow,2160,1,403
Yellow,2161,1,580
Yellow,2162,1,328
Yellow,2162,1,706
Yellow,2164,1,559
Yellow,2164,1,467
Yellow,2167,1,521
Yellow,2169,1,628
Yellow,2173,1,377
Yellow,2174,1,771
Yellow,2179,1,673
Yellow,2181,1,675
Yellow,2181,1,231
Yellow,2185,1,678
Yellow,2186,1,330
Yellow,2186,1,448
Yellow,2190,1,405
Yellow,2192,1,737
Yellow,2194,1,696
Yellow,2198,1,426
Yellow,2198,1,282
Yellow,2199,1,253
Yellow,2201,1,405
Yellow,2203,1,621
Yellow,2203,1,643
Yellow,2204,1,260
Yellow,2208,1,262
Yellow,2213,1,535
Yellow,2214,1,416
Yellow,2219,1,488
Yellow,2219,1,683
Yellow,2224,1,600
Yellow,2226,1,449
Yellow,2228,1,539
Yellow,2229,1,551
Yellow,2230,1,476
Yellow,2231,1,504
Yellow,2234,1,735
Yellow,2235,1,313
Yellow,2235,1,375
Yellow,2238,1,379
Yellow,2238,1,216
Yellow,2239,1,531
Yellow,2239,1,551
Yellow,2240,1,658
Yellow,2240,1,393
Yellow,2245,1,797
Yellow,2246,1,721
Yellow,2250,1,210
Yellow,2253,1,642
Yellow,2257,1,603
Yellow,2258,1,581
Yellow,2259,1,385
Yellow,2259,1,733
Yellow,2259,1,527
Yellow,2264,1,667
Yellow,2271,1,622
Yellow,2275,1,426
Yellow,2275,1,775
Yellow,2277,1,252
Yellow,2278,1,385
Yellow,2278,1,571
Yellow,2286,1,597
Yellow,2286,1,274
Yellow,2297,1,468
Yellow,2298,1,512
Yellow,2300,1,467
Yellow,2300,1,618
Yellow,2301,1,472
Yellow,2306,1,571
Yellow,2307,1,259
Yellow,2308,1,557
Yellow,2308,1,249
Yellow,2310,1,301
Yellow,2311,1,350
Yellow,2312,1,385
Yellow,2313,1,653
Yellow,2314,1,772
Yellow,2314,1,695
Yellow,2314,1,330
Yellow,2315,1,756
Yellow,2315,1,454
Yellow,2317,1,608
Yellow,2320,1,328
Yellow,2321,1,503
Yellow,2323,1,269
Yellow,2324,1,266
Yellow,2325,1,657
Yellow,2329,1,457
Yellow,2329,1,568
Yellow,2330,1,206
Yellow,2330,1,207
Yellow,2336,1,528
Yellow,2339,1,669
Yellow,2339,1,327
Yellow,2340,1,314
Yellow,2340,1,691
Yellow,2344,1,736
Yellow,2344,1,215
Yellow,2344,1,203
Yellow,2345,1,445
Yellow,2347,1,276
Yellow,2348,1,420
Yellow,2350,1,289
Yellow,2351,1,623
Yellow,2352,1,662
Yellow,2353,1,663
Yellow,2353,1,655
Yellow,2353,1,282
Yellow,2353,1,640
Yellow,2354,1,635
Yellow,2355,1,429
Yellow,2356,1,305
Yellow,2358,1,631
Yellow,2363,1,437
Yellow,2363,1,288
Yellow,2365,1,499
Yellow,2366,1,236
Yellow,2366,1,684
Yellow,2366,1,300
Yellow,2367,1,567
Yellow,2368,1,592
Yellow,2368,1,400
Yellow,2371,1,579
Yellow,2372,1,547
Yellow,2373,1,533
Yellow,2375,1,597
Yellow,2375,1,733
Yellow,2376,1,394
Yellow,2377,1,378
Yellow,2379,1,220
Yellow,2392,1,474
Yellow,2394,1,625
Yellow,2396,1,560
Yellow,2397,1,346
Yellow,2397,1,289
Yellow,2398,1,519
Yellow,2401,1,544
Yellow,2402,1,760
Yellow,2403,1,485
Yellow,2404,1,356
Yellow,2404,1,395
Yellow,2408,1,474
Yellow,2410,1,546
Yellow,2410,1,502
Yellow,2411,1,565
Yellow,2412,1,246
Yellow,2414,1,513
Yellow,2422,1,504
Yellow,2422,1,444
Yellow,2423,1,401
Yellow,2425,1,234
Yellow,2426,1,284
Yellow,2431,1,455
Yellow,2432,1,774
Yellow,2432,1,781
Yellow,2434,1,707
Yellow,2435,1,706
Yellow,2436,1,205
Yellow,2437,1,719
Yellow,2439,1,256
Yellow,2443,1,555
Yellow,2443,1,578
Yellow,2445,1,401
Yellow,2445,1,208
Yellow,2446,1,469
Yellow,2447,1,697
Yellow,2448,1,626
Yellow,2453,1,422
Yellow,2454,1,407
Yellow,2456,1,438
Yellow,2457,1,713
Yellow,2457,1,662
Yellow,2458,1,726
Yellow,2458,1,723
Yellow,2459,1,278
Yellow,2460,1,749
Yellow,2462,1,668
Yellow,2462,1,771
Yellow,2463,1,361
Yellow,2463,1,371
Yellow,2467,1,515
Yellow,2467,1,203
Yellow,2469,1,717
Yellow,2472,1,617
Yellow,2472,1,238
Yellow,2472,1,526
Yellow,2478,1,391
Yellow,2482,1,713
Yellow,2484,1,280
Yellow,2485,1,404
Yellow,2486,1,733
Yellow,2486,1,743
Yellow,2489,1,368
Yellow,2491,1,586
Yellow,2491,1,375
Yellow,2492,1,716
Yellow,2493,1,595
Yellow,2493,1,482
Yellow,2493,1,534
Yellow,2495,1,269
Yellow,2496,1,395
Yellow,2498,1,448
Yellow,2499,1,734
Yellow,2503,1,647
Yellow,2507,1,453
Yellow,2508,1,729
Yellow,2509,1,746
Yellow,2511,1,395
Yellow,2514,1,250
Yellow,2515,1,419
Yellow,2523,1,297
Yellow,2524,1,651
Yellow,2526,1,723
Yellow,2529,1,328
Yellow,2533,1,228
Yellow,2536,1,539
Yellow,2537,1,231
Yellow,2539,1,272
Yellow,2539,1,575
Yellow,2539,1,533
Yellow,2543,1,273
Yellow,2545,1,691
Yellow,2545,1,768
Yellow,2545,1,477
Yellow,2546,1,216
Yellow,2548,1,724
Yellow,2550,1,647
Yellow,2553,1,339
Yellow,2556,1,697
Yellow,2556,1,273
Yellow,2559,1,726
Yellow,2560,1,476
Yellow,2560,1,203
Yellow,2563,1,656
Yellow,2567,1,509
Yellow,2568,1,723
Yellow,2570,1,364
Yellow,2570,1,503
Yellow,2571,1,783
Yellow,2572,1,652
Yellow,2574,1,641
Yellow,2576,1,528
Yellow,2578,1,763
Yellow,2578,1,643
Yellow,2580,1,705
Yellow,2582,1,406
Yellow,2585,1,648
Yellow,2586,1,453
Yellow,2591,1,755
Yellow,2592,1,336
Yellow,2592,1,510
Yellow,2592,1,429
Yellow,2593,1,226
Yellow,2594,1,539
Yellow,2595,1,236
Yellow,2596,1,308
Yellow,2596,1,201
Yellow,2605,1,326
Yellow,2606,1,314
Yellow,2607,1,752
Yellow,2609,1,272
Yellow,2609,1,503
Yellow,2610,1,781
Yellow,2611,1,262
Yellow,2612,1,234
Yellow,2612,1,410
Yellow,2614,1,393
Yellow,2616,1,343
Yellow,2616,1,430
Yellow,2616,1,287
Yellow,2617,1,398
Yellow,2619,1,349
Yellow,2619,1,243
Yellow,2619,1,240
Yellow,2619,1,282
Yellow,2619,1,264
Yellow,2620,1,352
Yellow,2620,1,613
Yellow,2622,1,676
Yellow,2623,1,735
Yellow,2625,1,242
Yellow,2626,1,647
Yellow,2626,1,683
Yellow,2627,1,633
Yellow,2627,1,694
Yellow,2629,1,203
Yellow,2630,1,705
Yellow,2630,1,403
Yellow,2632,1,351
Yellow,2633,1,491
Yellow,2634,1,273
Yellow,2634,1,376
Yellow,2635,1,334
Yellow,2637,1,666
Yellow,2637,1,378
Yellow,2639,1,534
Yellow,2639,1,556
Yellow,2641,1,742
Yellow,2642,1,287
Yellow,2642,1,719
Yellow,2645,1,525
Yellow,2647,1,637
Yellow,2657,1,698
Yellow,2660,1,482
Yellow,2662,1,242
Yellow,2663,1,452
Yellow,2666,1,588
Yellow,2667,1,779
Yellow,2670,1,483
Yellow,2671,1,698
Yellow,2673,1,662
Yellow,2673,1,355
Yellow,2673,1,761
Yellow,2675,1,664
Yellow,2678,1,689
Yellow,2681,1,203
Yellow,2681,1,630
Yellow,2685,1,478
Yellow,2685,1,330
Yellow,2689,1,464
Yellow,2691,1,582
Yellow,2692,1,491
Yellow,2693,1,605
Yellow,2694,1,505
Yellow,2699,1,558
Yellow,2704,1,745
Yellow,2705,1,447
Yellow,2705,1,780
Yellow,2706,1,604
Yellow,2706,1,561
Yellow,2711,1,412
Yellow,2715,1,624
Yellow,2720,1,274
Yellow,2721,1,529
Yellow,2725,1,704
Yellow,2727,1,442
Yellow,2729,1,459
Yellow,2730,1,702
Yellow,2731,1,361
Yellow,2732,1,333
Yellow,2734,1,660
Yellow,2736,1,761
Yellow,2736,1,561
Yellow,2737,1,701
Yellow,2740,1,603
Yellow,2743,1,594
Yellow,2743,1,506
Yellow,2746,1,325
Yellow,2746,1,242
Yellow,2747,1,223
Yellow,2748,1,534
Yellow,2755,1,660
Yellow,2756,1,761
Yellow,2766,1,744
Yellow,2768,1,760
Yellow,2771,1,280
Yellow,2773,1,739
Yellow,2784,1,615
Yellow,2784,1,270
Yellow,2785,1,360
Yellow,2789,1,318
Yellow,2789,1,707
Yellow,2796,1,261
Yellow,2798,1,578
Yellow,2798,1,312
Yellow,2800,1,566
Yellow,2800,1,292
Yellow,2801,1,383
Yellow,2801,1,300
Yellow,2801,1,232
Yellow,2803,1,677
Yellow,2807,1,541
Yellow,2807,1,757
Yellow,2810,1,230
Yellow,2811,1,421
Yellow,2811,1,306
Yellow,2812,1,228
Yellow,2813,1,384
Yellow,2818,1,620
Yellow,2818,1,372
Yellow,2823,1,508
Yellow,2827,1,716
Yellow,2832,1,798
Yellow,2833,1,462
Yellow,2833,1,776
Yellow,2834,1,747
Yellow,2837,1,373
Yellow,2840,1,653
Yellow,2840,1,798
Yellow,2841,1,792
Yellow,2841,1,232
Yellow,2841,1,492
Yellow,2842,1,394
Yellow,2846,1,676
Yellow,2847,1,783
Yellow,2852,1,484
Yellow,2852,1,699
Yellow,2855,1,236
Yellow,2856,1,539
Yellow,2857,1,546
Yellow,2859,1,572
Yellow,2860,1,651
Yellow,2868,1,489
Yellow,2869,1,362
Yellow,2870,1,638
Yellow,2874,1,684
Yellow,2876,1,516
Yellow,2877,1,646
Yellow,2878,1,532
Yellow,2879,1,372
Yellow,2882,1,750
Yellow,2884,1,749
Yellow,2888,1,783
Yellow,2888,1,201
Yellow,2889,1,792
Yellow,2890,1,485
Yellow,2892,1,512
Yellow,2893,1,399
Yellow,2895,1,717
Yellow,2897,1,766
Yellow,2898,1,592
Yellow,2898,1,350
Yellow,2902,1,212
Yellow,2905,1,264
Yellow,2911,1,375
Yellow,2913,1,670
Yellow,2913,1,603
Yellow,2919,1,791
Yellow,2919,1,788
Yellow,2923,1,213
Yellow,2923,1,788
Yellow,2924,1,362
Yellow,2924,1,488
Yellow,2926,1,735
Yellow,2926,1,548
Yellow,2927,1,417
Yellow,2927,1,556
Yellow,2927,1,770
Yellow,2932,1,269
Yellow,2937,1,697
Yellow,2939,1,494
Yellow,2939,1,679
Yellow,2939,1,363
Yellow,2945,1,485
Yellow,2945,1,615
Yellow,2949,1,663
Yellow,2951,1,366
Yellow,2952,1,550
Yellow,2957,1,512
Yellow,2959,1,724
Yellow,2963,1,727
Yellow,2968,1,540
Yellow,2973,1,549
Yellow,2974,1,326
Yellow,2979,1,447
Yellow,2979,1,344
Yellow,2984,1,555
Yellow,2984,1,679
Yellow,2986,1,211
Yellow,2988,1,699
Yellow,2989,1,781
Yellow,2990,1,397
Yellow,2991,1,641
Yellow,2991,1,505
Yellow,2993,1,610
Yellow,2994,1,404
Yellow,2994,1,726
Yellow,2995,1,268
Yellow,2998,1,260
Yellow,3000,1,336
Yellow,3001,1,554
Yellow,3002,1,435
Yellow,3003,1,582
Yellow,3003,1,698
Yellow,3007,1,606
Yellow,3008,1,221
Yellow,3012,1,515
Yellow,3014,1,644
Yellow,3014,1,441
Yellow,3016,1,304
Yellow,3017,1,258
Yellow,3018,1,218
Yellow,3019,1,245
Yellow,3026,1,353
Yellow,3028,1,421
Yellow,3028,1,479
Yellow,3031,1,355
Yellow,3032,1,718
Yellow,3035,1,437
Yellow,3035,1,562
Yellow,3039,1,695
Yellow,3044,1,398
Yellow,3045,1,333
Yellow,3046,1,737
Yellow,3049,1,746
Yellow,3050,1,210
Yellow,3050,1,576
Yellow,3052,1,326
Yellow,3057,1,301
Yellow,3061,1,795
Yellow,3063,1,472
Yellow,3063,1,778
Yellow,3070,1,767
Yellow,3070,1,235
Yellow,3071,1,780
Yellow,3074,1,409
Yellow,3074,1,203
Yellow,3076,1,363
Yellow,3076,1,479
Yellow,3079,1,257
Yellow,3080,1,615
Yellow,3081,1,294
Yellow,3081,1,719
Yellow,3085,1,421
Yellow,3086,1,695
Yellow,3094,1,743
Yellow,3095,1,768
Yellow,3096,1,603
Yellow,3096,1,314
Yellow,3100,1,741
Yellow,3103,1,480
Yellow,3103,1,401
Yellow,3103,1,362
Yellow,3103,1,596
Yellow,3103,1,232
Yellow,3104,1,271
Yellow,3104,1,320
Yellow,3106,1,735
Yellow,3107,1,564
Yellow,3108,1,489
Yellow,3109,1,272
Yellow,3110,1,329
Yellow,3111,1,282
Yellow,3122,1,639
Yellow,3123,1,620
Yellow,3123,1,223
Yellow,3136,1,210
Yellow,3143,1,749
Yellow,3143,1,448
Yellow,3148,1,391
Yellow,3149,1,794
Yellow,3150,1,326
Yellow,3150,1,598
Yellow,3151,1,457
Yellow,3151,1,287
Yellow,3153,1,671
Yellow,3154,1,224
Yellow,3155,1,393
Yellow,3156,1,788
Yellow,3157,1,247
Yellow,3157,1,503
Yellow,3159,1,757
Yellow,3162,1,371
Yellow,3164,1,676
Yellow,3165,1,460
Yellow,3168,1,632
Yellow,3170,1,624
Yellow,3171,1,568
Yellow,3171,1,440
Yellow,3171,1,374
Yellow,3173,1,672
Yellow,3177,1,201
Yellow,3178,1,483
Yellow,3179,1,702
Yellow,3184,1,650
Yellow,3185,1,304
Yellow,3185,1,775
Yellow,3186,1,404
Yellow,3186,1,323
Yellow,3186,1,531
Yellow,3188,1,248
Yellow,3188,1,628
Yellow,3188,1,253
Yellow,3190,1,271
Yellow,3192,1,367
Yellow,3197,1,736
Yellow,3197,1,210
Yellow,3199,1,782
Yellow,3203,1,430
Yellow,3204,1,719
Yellow,3207,1,781
Yellow,3209,1,697
Yellow,3210,1,738
Yellow,3212,1,353
Yellow,3213,1,286
Yellow,3214,1,796
Yellow,3218,1,237
Yellow,3221,1,325
Yellow,3224,1,507
Yellow,3229,1,788
Yellow,3232,1,356
Yellow,3234,1,751
Yellow,3237,1,749
Yellow,3238,1,319
Yellow,3239,1,617
Yellow,3239,1,562
Yellow,3239,1,492
Yellow,3240,1,455
Yellow,3240,1,579
Yellow,3244,1,502
Yellow,3244,1,547
Yellow,3246,1,656
Yellow,3246,1,759
Yellow,3247,1,587
Yellow,3250,1,249
Yellow,3251,1,583
Yellow,3255,1,362
Yellow,3259,1,643
Yellow,3260,1,605
Yellow,3263,1,727
Yellow,3265,1,741
Yellow,3268,1,679
Yellow,3269,1,562
Yellow,3272,1,702
Yellow,3274,1,769
Yellow,3274,1,499
Yellow,3286,1,753
Yellow,3293,1,448
Yellow,3296,1,403
Yellow,3297,1,536
Yellow,3297,1,613
Yellow,3299,1,301
Yellow,3300,1,258
Yellow,3301,1,642
Yellow,3302,1,264
Yellow,3302,1,490
Yellow,3303,1,452
Yellow,3303,1,523
Yellow,3304,1,388
Yellow,3305,1,471
Yellow,3306,1,632
Yellow,3308,1,332
Yellow,3309,1,338
Yellow,3311,1,363
Yellow,3312,1,357
Yellow,3313,1,248
Yellow,3316,1,580
Yellow,3319,1,304
Yellow,3321,1,299
Yellow,3321,1,443
Yellow,3323,1,670
Yellow,3324,1,364
Yellow,3327,1,482
Yellow,3329,1,447
Yellow,3334,1,366
Yellow,3336,1,375
Yellow,3337,1,355
Yellow,3337,1,332
Yellow,3341,1,498
Yellow,3342,1,726
Yellow,3345,1,554
Yellow,3346,1,677
Yellow,3347,1,504
Yellow,3348,1,460
Yellow,3349,1,291
Yellow,3349,1,331
Yellow,3349,1,354
Yellow,3350,1,459
Yellow,3352,1,567
Yellow,3353,1,715
Yellow,3354,1,251
Yellow,3354,1,311
Yellow,3356,1,696
Yellow,3356,1,575
Yellow,3360,1,668
Yellow,3361,1,372
Yellow,3364,1,202
Yellow,3364,1,646
Yellow,3367,1,369
Yellow,3373,1,333
Yellow,3373,1,347
Yellow,3377,1,430
Yellow,3377,1,283
Yellow,3377,1,659
Yellow,3377,1,337
Yellow,3378,1,585
Yellow,3384,1,243
Yellow,3386,1,519
Yellow,3387,1,334
Yellow,3388,1,440
Yellow,3389,1,514
Yellow,3393,1,602
Yellow,3394,1,371
Yellow,3401,1,447
Yellow,3403,1,452
Yellow,3403,1,740
Yellow,3405,1,493
Yellow,3406,1,761
Yellow,3408,1,232
Yellow,3412,1,417
Yellow,3414,1,556
Yellow,3416,1,622
Yellow,3416,1,631
Yellow,3416,1,614
Yellow,3420,1,297
Yellow,3422,1,313
Yellow,3423,1,418
Yellow,3425,1,499
Yellow,3426,1,388
Yellow,3426,1,335
Yellow,3427,1,452
Yellow,3428,1,691
Yellow,3429,1,613
Yellow,3430,1,300
Yellow,3430,1,717
Yellow,3431,1,795
Yellow,3432,1,343
Yellow,3432,1,515
Yellow,3433,1,784
Yellow,3434,1,223
Yellow,3435,1,760
Yellow,3435,1,791
Yellow,3435,1,253
Yellow,3436,1,382
Yellow,3437,1,407
Yellow,3438,1,607
Yellow,3438,1,460
Yellow,3440,1,376
Yellow,3447,1,437
Yellow,3448,1,322
Yellow,3449,1,615
Yellow,3450,1,793
Yellow,3451,1,443
Yellow,3453,1,544
Yellow,3453,1,220
Yellow,3454,1,253
Yellow,3456,1,427
Yellow,3459,1,271
Yellow,3459,1,213
Yellow,3459,1,687
Yellow,3461,1,303
Yellow,3462,1,713
Yellow,3463,1,266
Yellow,3465,1,318
Yellow,3465,1,515
Yellow,3466,1,520
Yellow,3473,1,739
Yellow,3476,1,713
Yellow,3480,1,486
Yellow,3480,1,291
Yellow,3483,1,488
Yellow,3483,1,672
Yellow,3483,1,226
Yellow,3484,1,241
Yellow,3488,1,319
Yellow,3488,1,508
Yellow,3489,1,749
Yellow,3491,1,442
Yellow,3492,1,484
Yellow,3496,1,621
Yellow,3496,1,642
Yellow,3498,1,417
Yellow,3500,1,463
Yellow,3500,1,507
Yellow,3501,1,401
Yellow,3503,1,428
Yellow,3503,1,496
Yellow,3506,1,672
Yellow,3507,1,211
Yellow,3510,1,252
Yellow,3511,1,341
Yellow,3511,1,703
Yellow,3514,1,763
Yellow,3517,1,307
Yellow,3518,1,339
Yellow,3519,1,285
Yellow,3521,1,701
Yellow,3522,1,572
Yellow,3523,1,241
Yellow,3525,1,281
Yellow,3526,1,250
Yellow,3528,1,551
Yellow,3528,1,304
Yellow,3530,1,759
Yellow,3532,1,228
Yellow,3535,1,240
Yellow,3536,1,370
Yellow,3540,1,232
Yellow,3541,1,226
Yellow,3542,1,252
Yellow,3544,1,421
Yellow,3546,1,552
Yellow,3546,1,629
Yellow,3547,1,357
Yellow,3554,1,351
Yellow,3557,1,479
Yellow,3558,1,744
Yellow,3560,1,418
Yellow,3561,1,296
Yellow,3561,1,279
Yellow,3563,1,677
Yellow,3565,1,385
Yellow,3565,1,342
Yellow,3565,1,314
Yellow,3565,1,227
Yellow,3569,1,478
Yellow,3574,1,601
Yellow,3577,1,417
Yellow,3578,1,696
Yellow,3579,1,759
Yellow,3579,1,635
Yellow,3584,1,328
Yellow,3584,1,320
Yellow,3584,1,442
Yellow,3585,1,207
Yellow,3587,1,274
Yellow,3588,1,720
Yellow,3589,1,726
Yellow,3591,1,446
Yellow,3593,1,467
Yellow,3594,1,621
Yellow,3596,1,434
Yellow,3597,1,505
Yellow,3601,1,452
Yellow,3601,1,537
Yellow,3604,1,347
Yellow,3604,1,593
Yellow,3607,1,439
Yellow,3609,1,301
Yellow,3609,1,771
Yellow,3611,1,234
Yellow,3613,1,210
Yellow,3613,1,424
Yellow,3614,1,738
Yellow,3617,1,420
Yellow,3618,1,417
Yellow,3618,1,725
Yellow,3621,1,671
Yellow,3629,1,313
Yellow,3632,1,496
Yellow,3633,1,703
Yellow,3634,1,775
Yellow,3636,1,440
Yellow,3640,1,440
Yellow,3641,1,352
Yellow,3641,1,798
Yellow,3643,1,572
Yellow,3644,1,367
Yellow,3647,1,306
Yellow,3650,1,546
Yellow,3651,1,665
Yellow,3651,1,655
Yellow,3653,1,617
Yellow,3655,1,365
Yellow,3655,1,489
Yellow,3656,1,449
Yellow,3657,1,799
Yellow,3659,1,570
Yellow,3665,1,609
Yellow,3669,1,298
Yellow,3675,1,417
Yellow,3679,1,476
Yellow,3681,1,631
Yellow,3682,1,374
Yellow,3682,1,732
Yellow,3685,1,539
Yellow,3687,1,320
Yellow,3689,1,560
Yellow,3690,1,647
Yellow,3691,1,563
Yellow,3691,1,450
Yellow,3693,1,291
Yellow,3694,1,249
Yellow,3695,1,407
Yellow,3696,1,413
Yellow,3696,1,775
Yellow,3697,1,245
Yellow,3698,1,770
Yellow,3698,1,635
Yellow,3699,1,512
Yellow,3699,1,757
Yellow,3699,1,621
Yellow,3703,1,766
Yellow,3706,1,699
Yellow,3707,1,671
Yellow,3708,1,527
Yellow,3711,1,519
Yellow,3711,1,505
Yellow,3712,1,597
Yellow,3715,1,301
Yellow,3715,1,713
Yellow,3720,1,298
Yellow,3729,1,580
Yellow,3730,1,302
Yellow,3731,1,529
Yellow,3733,1,582
Yellow,3733,1,681
Yellow,3736,1,322
Yellow,3736,1,203
Yellow,3742,1,485
Yellow,3743,1,235
Yellow,3744,1,630
Yellow,3745,1,515
Yellow,3746,1,528
Yellow,3747,1,570
Yellow,3751,1,465
Yellow,3752,1,506
Yellow,3754,1,776
Yellow,3755,1,758
Yellow,3756,1,621
Yellow,3757,1,223
Yellow,3761,1,778
Yellow,3761,1,315
Yellow,3762,1,581
Yellow,3763,1,509
Yellow,3764,1,694
Yellow,3768,1,231
Yellow,3769,1,726
Yellow,3769,1,454
Yellow,3769,1,631
Yellow,3771,1,722
Yellow,3773,1,460
Yellow,3774,1,272
Yellow,3780,1,578
Yellow,3781,1,742
Yellow,3781,1,727
Yellow,3783,1,325
Yellow,3784,1,413
Yellow,3785,1,375
Yellow,3785,1,794
Yellow,3786,1,744
Yellow,3787,1,641
Yellow,3790,1,241
Yellow,3793,1,391
Yellow,3798,1,321
Yellow,3804,1,540
Yellow,3805,1,511
Yellow,3808,1,200
Yellow,3811,1,609
Yellow,3811,1,295
Yellow,3811,1,594
Yellow,3812,1,764
Yellow,3814,1,430
Yellow,3815,1,721
Yellow,3817,1,311
Yellow,3821,1,783
Yellow,3821,1,687
Yellow,3822,1,421
Yellow,3824,1,443
Yellow,3825,1,788
Yellow,3825,1,335
Yellow,3826,1,324
Yellow,3827,1,724
Yellow,3828,1,282
Yellow,3828,1,739
Yellow,3828,1,356
Yellow,3831,1,623
Yellow,3832,1,621
Yellow,3832,1,306
Yellow,3834,1,735
Yellow,3836,1,721
Yellow,3837,1,577
Yellow,3838,1,445
Yellow,3840,1,230
Yellow,3841,1,276
Yellow,3841,1,597
Yellow,3842,1,350
Yellow,3842,1,204
Yellow,3842,1,399
Yellow,3845,1,340
Yellow,3846,1,369
Yellow,3846,1,521
Yellow,3847,1,774
Yellow,3848,1,556
Yellow,3850,1,248
Yellow,3855,1,626
Yellow,3858,1,497
Yellow,3858,1,660
Yellow,3858,1,346
Yellow,3858,1,218
Yellow,3859,1,647
Yellow,3859,1,772
Yellow,3863,1,337
Yellow,3864,1,348
Yellow,3865,1,399
Yellow,3865,1,250
Yellow,3866,1,492
Yellow,3866,1,390
Yellow,3867,1,415
Yellow,3870,1,203
Yellow,3874,1,727
Yellow,3878,1,643
Yellow,3889,1,262
Yellow,3891,1,689
Yellow,3892,1,539
Yellow,3893,1,704
Yellow,3894,1,268
Yellow,3897,1,551
Yellow,3900,1,504
Yellow,3908,1,251
Yellow,3909,1,776
Yellow,3910,1,432
Yellow,3911,1,591
Yellow,3912,1,748
Yellow,3912,1,533
Yellow,3913,1,261
Yellow,3915,1,515
Yellow,3915,1,598
Yellow,3917,1,662
Yellow,3917,1,378
Yellow,3917,1,443
Yellow,3918,1,303
Yellow,3919,1,726
Yellow,3926,1,672
Yellow,3928,1,758
Yellow,3930,1,375
Yellow,3930,1,675
Yellow,3931,1,519
Yellow,3932,1,576
Yellow,3933,1,472
Yellow,3933,1,476
Yellow,3934,1,384
Yellow,3939,1,681
Yellow,3939,1,748
Yellow,3941,1,203
Yellow,3943,1,767
Yellow,3943,1,528
Yellow,3944,1,584
Yellow,3945,1,439
Yellow,3946,1,399
Yellow,3946,1,567
Yellow,3947,1,276
Yellow,3948,1,217
Yellow,3948,1,514
Yellow,3950,1,768
Yellow,3950,1,314
Yellow,3959,1,799
Yellow,3960,1,749
Yellow,3964,1,740
Yellow,3969,1,295
Yellow,3971,1,635
Yellow,3972,1,587
Yellow,3975,1,376
Yellow,3976,1,572
Yellow,3976,1,706
Yellow,3977,1,603
Yellow,3978,1,432
Yellow,3979,1,784
Yellow,3984,1,553
Yellow,3986,1,378
Yellow,3987,1,244
Yellow,3997,1,309
Yellow,3998,1,431
Yellow,3999,1,582
Yellow,4003,1,248
Yellow,4004,1,232
Yellow,4005,1,585
Yellow,4007,1,246
Yellow,4009,1,715
Yellow,4010,1,731
Yellow,4010,1,658
Yellow,4013,1,294
Yellow,4013,1,216
Yellow,4015,1,738
Yellow,4016,1,514
Yellow,4018,1,396
Yellow,4020,1,779
Yellow,4022,1,350
Yellow,4024,1,420
Yellow,4026,1,758
Yellow,4026,1,429
Yellow,4026,1,560
Yellow,4031,1,242
Yellow,4032,1,242
Yellow,4036,1,355
Yellow,4048,1,210
Yellow,4052,1,362
Yellow,4053,1,580
Yellow,4054,1,237
Yellow,4055,1,212
Yellow,4058,1,454
Yellow,4059,1,246
Yellow,4059,1,685
Yellow,4059,1,366
Yellow,4060,1,431
Yellow,4060,1,783
Yellow,4061,1,413
Yellow,4062,1,764
Yellow,4062,1,760
Yellow,4065,1,556
Yellow,4066,1,645
Yellow,4066,1,691
Yellow,4067,1,770
Yellow,4068,1,248
Yellow,4069,1,584
Yellow,4070,1,686
Yellow,4071,1,402
Yellow,4072,1,298
Yellow,4076,1,232
Yellow,4077,1,739
Yellow,4079,1,685
Yellow,4079,1,788
Yellow,4080,1,779
Yellow,4083,1,557
Yellow,4083,1,298
Yellow,4091,1,235
Yellow,4092,1,232
Yellow,4094,1,549
Yellow,4096,1,619
Yellow,4099,1,455
Yellow,4100,1,341
Yellow,4101,1,532
Yellow,4101,1,468
Yellow,4103,1,330
Yellow,4108,1,379
Yellow,4112,1,316
Yellow,4112,1,682
Yellow,4117,1,519
Yellow,4118,1,468
Yellow,4118,1,318
Yellow,4121,1,417
Yellow,4122,1,537
Yellow,4123,1,679
Yellow,4123,1,800
Yellow,4123,1,511
Yellow,4124,1,415
Yellow,4124,1,693
Yellow,4127,1,248
Yellow,4129,1,678
Yellow,4131,1,757
Yellow,4131,1,721
Yellow,4131,1,751
Yellow,4132,1,307
Yellow,4136,1,732
Yellow,4138,1,656
Yellow,4139,1,333
Yellow,4139,1,761
Yellow,4141,1,503
Yellow,4141,1,663
Yellow,4144,1,730
Yellow,4153,1,555
Yellow,4153,1,583
Yellow,4155,1,211
Yellow,4155,1,800
Yellow,4155,1,290
Yellow,4157,1,399
Yellow,4159,1,746
Yellow,4160,1,406
Yellow,4162,1,391
Yellow,4162,1,766
Yellow,4167,1,311
Yellow,4169,1,211
Yellow,4178,1,404
Yellow,4178,1,507
Yellow,4179,1,587
Yellow,4181,1,528
Yellow,4181,1,686
Yellow,4181,1,353
Yellow,4182,1,585
Yellow,4185,1,592
Yellow,4185,1,408
Yellow,4185,1,233
Yellow,4186,1,393
Yellow,4187,1,244
Yellow,4188,1,420
Yellow,4188,1,456
Yellow,4189,1,386
Yellow,4190,1,687
Yellow,4192,1,249
Yellow,4194,1,427
Yellow,4197,1,624
Yellow,4198,1,387
Yellow,4198,1,308
Yellow,4204,1,609
Yellow,4206,1,702
Yellow,4208,1,362
Yellow,4209,1,603
Yellow,4211,1,581
Yellow,4212,1,291
Yellow,4213,1,512
Yellow,4214,1,596
Yellow,4214,1,675
Yellow,4214,1,574
Yellow,4219,1,451
Yellow,4220,1,704
Yellow,4220,1,266
Yellow,4220,1,420
Yellow,4221,1,291
Yellow,4225,1,358
Yellow,4228,1,784
Yellow,4228,1,576
Yellow,4234,1,412
Yellow,4236,1,299
Yellow,4241,1,656
Yellow,4242,1,340
Yellow,4242,1,474
Yellow,4243,1,725
Yellow,4245,1,586
Yellow,4249,1,268
Yellow,4249,1,556
Yellow,4249,1,634
Yellow,4252,1,610
Yellow,4252,1,284
Yellow,4252,1,504
Yellow,4255,1,684
Yellow,4255,1,292
Yellow,4257,1,644
Yellow,4262,1,621
Yellow,4262,1,392
Yellow,4262,1,312
Yellow,4265,1,443
Yellow,4266,1,566
Yellow,4269,1,500
Yellow,4277,1,273
Yellow,4278,1,401
Yellow,4278,1,629
Yellow,4278,1,726
Yellow,4281,1,490
Yellow,4289,1,548
Yellow,4289,1,399
Yellow,4290,1,654
Yellow,4291,1,612
Yellow,4292,1,592
Yellow,4292,1,443
Yellow,4293,1,410
Yellow,4293,1,264
Yellow,4297,1,376
Yellow,4301,1,345
Yellow,4301,1,240
Yellow,4302,1,795
Yellow,4303,1,292
Yellow,4305,1,252
Yellow,4305,1,555
Yellow,4310,1,623
Yellow,4312,1,412
Yellow,4312,1,780
Yellow,4312,1,201
Yellow,4313,1,626
Yellow,4313,1,269
Yellow,4314,1,285
Yellow,4315,1,761
Yellow,4315,1,444
Yellow,4318,1,252
Yellow,4318,1,534
Yellow,4322,1,340
Yellow,4323,1,512
Yellow,4326,1,298
Yellow,4326,1,344
Yellow,4327,1,326
Yellow,4330,1,666
Yellow,4333,1,405
Yellow,4333,1,295
Yellow,4334,1,386
Yellow,4342,1,728
Yellow,4342,1,710
Yellow,4346,1,258
Yellow,4349,1,281
Yellow,4349,1,688
Yellow,4350,1,289
Yellow,4351,1,443
Yellow,4351,1,349
Yellow,4351,1,490
Yellow,4352,1,749
Yellow,4352,1,742
Yellow,4355,1,421
Yellow,4356,1,690
Yellow,4358,1,633
Yellow,4360,1,474
Yellow,4361,1,414
Yellow,4362,1,607
Yellow,4366,1,204
Yellow,4366,1,253
Yellow,4369,1,470
Yellow,4372,1,460
Yellow,4372,1,699
Yellow,4372,1,542
Yellow,4375,1,296
Yellow,4375,1,252
Yellow,4377,1,635
Yellow,4380,1,518
Yellow,4380,1,374
Yellow,4381,1,634
Yellow,4384,1,659
Yellow,4387,1,549
Yellow,4389,1,517
Yellow,4391,1,742
Yellow,4396,1,620
Yellow,4403,1,307
Yellow,4404,1,547
Yellow,4404,1,554
Yellow,4407,1,480
Yellow,4408,1,346
Yellow,4408,1,715
Yellow,4409,1,209
Yellow,4409,1,428
Yellow,4410,1,434
Yellow,4410,1,766
Yellow,4410,1,210
Yellow,4412,1,449
Yellow,4413,1,725
Yellow,4419,1,751
Yellow,4420,1,792
Yellow,4421,1,412
Yellow,4422,1,776
Yellow,4422,1,421
Yellow,4423,1,414
Yellow,4425,1,227
Yellow,4428,1,227
Yellow,4431,1,624
Yellow,4433,1,445
Yellow,4434,1,225
Yellow,4436,1,665
Yellow,4436,1,602
Yellow,4437,1,679
Yellow,4441,1,294
Yellow,4443,1,686
Yellow,4447,1,631
Yellow,4449,1,613
Yellow,4452,1,643
Yellow,4452,1,725
Yellow,4452,1,456
Yellow,4454,1,566
Yellow,4455,1,311
Yellow,4459,1,557
Yellow,4460,1,611
Yellow,4460,1,529
Yellow,4461,1,234
Yellow,4462,1,349
Yellow,4463,1,791
Yellow,4465,1,767
Yellow,4466,1,760
Yellow,4467,1,716
Yellow,4468,1,764
Yellow,4468,1,225
Yellow,4469,1,532
Yellow,4473,1,287
Yellow,4473,1,227
Yellow,4475,1,278
Yellow,4476,1,689
Yellow,4478,1,314
Yellow,4480,1,230
Yellow,4482,1,319
Yellow,4482,1,756
Yellow,4482,1,784
Yellow,4482,1,390
Yellow,4485,1,681
Yellow,4485,1,326
Yellow,4485,1,288
Yellow,4487,1,496
Yellow,4488,1,668
Yellow,4488,1,490
Yellow,4491,1,390
Yellow,4491,1,635
Yellow,4493,1,405
Yellow,4494,1,602
Yellow,4494,1,245
Yellow,4497,1,380
Yellow,4508,1,610
Yellow,4510,1,364
Yellow,4516,1,473
Yellow,4517,1,564
Yellow,4519,1,269
Yellow,4520,1,616
Yellow,4521,1,548
Yellow,4526,1,650
Yellow,4530,1,553
Yellow,4531,1,433
Yellow,4534,1,657
Yellow,4538,1,368
Yellow,4541,1,349
Yellow,4541,1,575
Yellow,4541,1,304
Yellow,4542,1,475
Yellow,4545,1,696
Yellow,4546,1,764
Yellow,4547,1,627
Yellow,4548,1,587
Yellow,4549,1,660
Yellow,4551,1,317
Yellow,4551,1,778
Yellow,4552,1,397
Yellow,4554,1,764
Yellow,4555,1,400
Yellow,4557,1,275
Yellow,4559,1,206
Yellow,4560,1,375
Yellow,4561,1,778
Yellow,4570,1,561
Yellow,4570,1,721
Yellow,4571,1,232
Yellow,4572,1,271
Yellow,4573,1,645
Yellow,4577,1,316
Yellow,4580,1,523
Yellow,4580,1,541
Yellow,4584,1,359
Yellow,4590,1,204
Yellow,4591,1,770
Yellow,4596,1,462
Yellow,4597,1,452
Yellow,4598,1,785
Yellow,4598,1,378
Yellow,4600,1,458
Yellow,4601,1,251
Yellow,4601,1,716
Yellow,4604,1,781
Yellow,4605,1,412
Yellow,4605,1,644
Yellow,4609,1,771
Yellow,4609,1,553
Yellow,4610,1,298
Yellow,4614,1,302
Yellow,4617,1,578
Yellow,4618,1,576
Yellow,4619,1,672
Yellow,4624,1,468
Yellow,4626,1,580
Yellow,4627,1,686
Yellow,4627,1,747
Yellow,4629,1,219
Yellow,4629,1,608
Yellow,4632,1,622
Yellow,4632,1,382
Yellow,4635,1,509
Yellow,4636,1,487
Yellow,4637,1,404
Yellow,4637,1,581
Yellow,4646,1,273
Yellow,4650,1,735
Yellow,4651,1,461
Yellow,4658,1,373
Yellow,4660,1,761
Yellow,4662,1,402
Yellow,4665,1,777
Yellow,4668,1,664
Yellow,4669,1,543
Yellow,4670,1,474
Yellow,4671,1,699
Yellow,4673,1,780
Yellow,4674,1,644
Yellow,4675,1,729
Yellow,4676,1,232
Yellow,4676,1,413
Yellow,4680,1,204
Yellow,4680,1,630
Yellow,4682,1,660
Yellow,4682,1,775
Yellow,4684,1,645
Yellow,4689,1,280
Yellow,4692,1,578
Yellow,4695,1,529
Yellow,4696,1,494
Yellow,4700,1,433
Yellow,4702,1,733
Yellow,4702,1,626
Yellow,4705,1,361
Yellow,4709,1,267
Yellow,4716,1,327
Yellow,4717,1,754
Yellow,4717,1,614
Yellow,4719,1,491
Yellow,4719,1,535
Yellow,4719,1,666
Yellow,4721,1,577
Yellow,4722,1,484
Yellow,4726,1,559
Yellow,4728,1,592
Yellow,4729,1,292
Yellow,4733,1,462
Yellow,4737,1,677
Yellow,4740,1,276
Yellow,4741,1,712
Yellow,4741,1,447
Yellow,4742,1,289
Yellow,4743,1,360
Yellow,4744,1,743
Yellow,4746,1,541
Yellow,4746,1,679
Yellow,4753,1,224
Yellow,4754,1,315
Yellow,4755,1,724
Yellow,4759,1,751
Yellow,4759,1,640
Yellow,4759,1,234
Yellow,4760,1,360
Yellow,4762,1,269
Yellow,4762,1,234
Yellow,4762,1,757
Yellow,4767,1,459
Yellow,4767,1,310
Yellow,4769,1,696
Yellow,4770,1,440
Yellow,4774,1,450
Yellow,4775,1,642
Yellow,4776,1,437
Yellow,4777,1,520
Yellow,4778,1,235
Yellow,4780,1,781
Yellow,4781,1,545
Yellow,4781,1,618
Yellow,4781,1,737
Yellow,4782,1,538
Yellow,4788,1,594
Yellow,4793,1,707
Yellow,4793,1,571
Yellow,4796,1,524
Yellow,4796,1,468
Yellow,4797,1,542
Yellow,4797,1,667
Yellow,4798,1,269
Yellow,4803,1,544
Yellow,4803,1,762
Yellow,4804,1,744
Yellow,4804,1,696
Yellow,4805,1,486
Yellow,4805,1,515
Yellow,4805,1,764
Yellow,4808,1,559
Yellow,4812,1,509
Yellow,4814,1,376
Yellow,4817,1,483
Yellow,4819,1,234
Yellow,4819,1,694
Yellow,4820,1,408
Yellow,4820,1,426
Yellow,4824,1,704
Yellow,4826,1,504
Yellow,4828,1,624
Yellow,4828,1,683
Yellow,4829,1,378
Yellow,4829,1,681
Yellow,4834,1,500
Yellow,4834,1,761
Yellow,4836,1,273
Yellow,4837,1,469
Yellow,4840,1,487
Yellow,4842,1,530
Yellow,4842,1,680
Yellow,4844,1,771
Yellow,4845,1,778
Yellow,4848,1,410
Yellow,4850,1,371
Yellow,4851,1,596
Yellow,4852,1,564
Yellow,4852,1,541
Yellow,4852,1,628
Yellow,4853,1,239
Yellow,4854,1,684
Yellow,4854,1,746
Yellow,4856,1,384
Yellow,4857,1,240
Yellow,4862,1,381
Yellow,4862,1,348
Yellow,4863,1,727
Yellow,4863,1,298
Yellow,4864,1,477
Yellow,4864,1,251
Yellow,4866,1,425
Yellow,4867,1,274
Yellow,4869,1,530
Yellow,4869,1,579
Yellow,4871,1,259
Yellow,4871,1,731
Yellow,4872,1,507
Yellow,4874,1,304
Yellow,4877,1,330
Yellow,4877,1,425
Yellow,4879,1,353
Yellow,4879,1,495
Yellow,4882,1,503
Yellow,4891,1,208
Yellow,4893,1,609
Yellow,4895,1,391
Yellow,4899,1,212
Yellow,4900,1,471
Yellow,4900,1,269
Yellow,4903,1,326
Yellow,4908,1,349
Yellow,4908,1,515
Yellow,4910,1,251
Yellow,4910,1,694
Yellow,4911,1,791
Yellow,4911,1,481
Yellow,4912,1,578
Yellow,4914,1,623
Yellow,4919,1,779
Yellow,4919,1,339
Yellow,4920,1,669
Yellow,4923,1,228
Yellow,4929,1,479
Yellow,4931,1,379
Yellow,4932,1,200
Yellow,4933,1,256
Yellow,4933,1,718
Yellow,4933,1,719
Yellow,4933,1,372
Yellow,4934,1,223
Yellow,4934,1,324
Yellow,4934,1,435
Yellow,4936,1,507
Yellow,4937,1,235
Yellow,4938,1,372
Yellow,4949,1,417
Yellow,4949,1,402
Yellow,4949,1,227
Yellow,4952,1,549
Yellow,4953,1,369
Yellow,4953,1,523
Yellow,4955,1,752
Yellow,4956,1,560
Yellow,4960,1,457
Yellow,4962,1,504
Yellow,4965,1,505
Yellow,4966,1,406
Yellow,4966,1,591
Yellow,4969,1,569
Yellow,4970,1,501
Yellow,4973,1,456
Yellow,4975,1,770
Yellow,4976,1,495
Yellow,4980,1,397
Yellow,4980,1,595
Yellow,4981,1,710
Yellow,4981,1,579
Yellow,4981,1,562
Yellow,4981,1,276
Yellow,4982,1,435
Yellow,4983,1,336
Yellow,4984,1,732
Yellow,4986,1,280
Yellow,4994,1,640
Yellow,4996,1,787